{
  "project_info": {
    "project_number": "906927138337",
    "firebase_url": "https://reminiscence-80.firebaseio.com",
    "project_id": "reminiscence-80",
    "storage_bucket": "reminiscence-80.appspot.com"
  },
  "client": [
    {
      "client_info": {
        "mobilesdk_app_id": "1:906927138337:android:2cbed71af91b9fa4822560",
        "android_client_info": {
          "package_name": "com.ahel.reminiscence"
        }
      },
      "oauth_client": [
        {
          "client_id": "906927138337-rumpsp1hprkhgu1361qc2er9sgkkhb4m.apps.googleusercontent.com",
          "client_type": 3
        }
      ],
      "api_key": [
        {
          "current_key": "AIzaSyCEVxJ5n5Xym689RBsTgVUevllfpksroAw"
        }
      ],
      "services": {
        "appinvite_service": {
          "other_platform_oauth_client": [
            {
              "client_id": "906927138337-rumpsp1hprkhgu1361qc2er9sgkkhb4m.apps.googleusercontent.com",
              "client_type": 3
            }
          ]
        }
      }
    }
  ],
  "configuration_version": "1"
}